{
  "dataset": "PDE",
  "adjusted_score": 0.6841299100549056,
  "PD": 0.8033136016070183,
  "PF": 0.23836738310422523,
  "FIR": 0.3523208040806966,
  "Balance": 0.7788801252553893,
  "params": {
    "d_main": 365,
    "encoder_n_blocks": 2,
    "context_size": 160,
    "predictor_n_blocks": 2,
    "n_epochs": 32
  }
}