{
  "dataset": "ProjectK",
  "adjusted_score": 0.9048883136787127,
  "PD": 0.9449953770783756,
  "PF": 0.08021412679932576,
  "FIR": 0.45774300876280294,
  "Balance": 0.9299101731013479,
  "params": {
    "d_main": 128,
    "encoder_n_blocks": 3,
    "context_size": 128,
    "predictor_n_blocks": 2,
    "n_epochs": 42
  }
}